{
  "0.1_0.5": {
    "strategy_return": 0.9970567470891318,
    "forex_return": 1.0062968637743395
  },
  "0.1_0.6": {
    "strategy_return": 0.9967956207778729,
    "forex_return": 1.0062968637743395
  },
  "0.1_0.7": {
    "strategy_return": 0.9966006315040242,
    "forex_return": 1.0062968637743395
  },
  "0.1_0.8": {
    "strategy_return": 0.9960964365945995,
    "forex_return": 1.0062968637743395
  },
  "0.1_0.9": {
    "strategy_return": 0.9951379926177895,
    "forex_return": 1.0062968637743395
  },
  "0.2_0.5": {
    "strategy_return": 1.002455515861513,
    "forex_return": 1.0062968637743395
  },
  "0.2_0.6": {
    "strategy_return": 1.0040604930528347,
    "forex_return": 1.0062968637743395
  },
  "0.2_0.7": {
    "strategy_return": 1.001534656901579,
    "forex_return": 1.0062968637743395
  },
  "0.2_0.8": {
    "strategy_return": 1.0025402994957215,
    "forex_return": 1.0062968637743395
  },
  "0.2_0.9": {
    "strategy_return": 1.002251539795498,
    "forex_return": 1.0062968637743395
  },
  "0.3_0.5": {
    "strategy_return": 0.9991495483575911,
    "forex_return": 1.0062968637743395
  },
  "0.3_0.6": {
    "strategy_return": 0.9990707430740519,
    "forex_return": 1.0062968637743395
  },
  "0.3_0.7": {
    "strategy_return": 0.9997372297946748,
    "forex_return": 1.0062968637743395
  },
  "0.3_0.8": {
    "strategy_return": 0.9993272857281632,
    "forex_return": 1.0062968637743395
  },
  "0.3_0.9": {
    "strategy_return": 0.9999130450565668,
    "forex_return": 1.0062968637743395
  },
  "0.4_0.5": {
    "strategy_return": 1.0011380977273916,
    "forex_return": 1.0062968637743395
  },
  "0.4_0.6": {
    "strategy_return": 1.001847170905755,
    "forex_return": 1.0062968637743395
  },
  "0.4_0.7": {
    "strategy_return": 1.002479192961362,
    "forex_return": 1.0062968637743395
  },
  "0.4_0.8": {
    "strategy_return": 1.0020587880687384,
    "forex_return": 1.0062968637743395
  },
  "0.4_0.9": {
    "strategy_return": 1.002637535956712,
    "forex_return": 1.0062968637743395
  }
}