{
  "0.1_0.5": {
    "strategy_return": 0.9872167257876898,
    "forex_return": 0.9988090153528417
  },
  "0.1_0.6": {
    "strategy_return": 0.9892306627403752,
    "forex_return": 0.9988090153528417
  },
  "0.1_0.7": {
    "strategy_return": 0.9905827929545935,
    "forex_return": 0.9988090153528417
  },
  "0.1_0.8": {
    "strategy_return": 0.9932100303049843,
    "forex_return": 0.9988090153528417
  },
  "0.1_0.9": {
    "strategy_return": 0.9942344650029792,
    "forex_return": 0.9988090153528417
  },
  "0.2_0.5": {
    "strategy_return": 0.999788630534335,
    "forex_return": 0.9988090153528417
  },
  "0.2_0.6": {
    "strategy_return": 0.9998047118467783,
    "forex_return": 0.9988090153528417
  },
  "0.2_0.7": {
    "strategy_return": 0.9997985254403464,
    "forex_return": 0.9988090153528417
  },
  "0.2_0.8": {
    "strategy_return": 0.9999842212808395,
    "forex_return": 0.9988090153528417
  },
  "0.2_0.9": {
    "strategy_return": 0.9997269837123884,
    "forex_return": 0.9988090153528417
  },
  "0.3_0.5": {
    "strategy_return": 1.005193624160024,
    "forex_return": 0.9988090153528417
  },
  "0.3_0.6": {
    "strategy_return": 1.0079937064903046,
    "forex_return": 0.9988090153528417
  },
  "0.3_0.7": {
    "strategy_return": 1.007537159611993,
    "forex_return": 0.9988090153528417
  },
  "0.3_0.8": {
    "strategy_return": 1.007329232154451,
    "forex_return": 0.9988090153528417
  },
  "0.3_0.9": {
    "strategy_return": 1.0072844941770365,
    "forex_return": 0.9988090153528417
  },
  "0.4_0.5": {
    "strategy_return": 1.0027707796990386,
    "forex_return": 0.9988090153528417
  },
  "0.4_0.6": {
    "strategy_return": 1.0039170633885535,
    "forex_return": 0.9988090153528417
  },
  "0.4_0.7": {
    "strategy_return": 1.0051124651649397,
    "forex_return": 0.9988090153528417
  },
  "0.4_0.8": {
    "strategy_return": 1.006003248771157,
    "forex_return": 0.9988090153528417
  },
  "0.4_0.9": {
    "strategy_return": 1.0058560493308957,
    "forex_return": 0.9988090153528417
  }
}